Nation,Player Name,Shirt Number,Position,Club,Club Country,International Debut,Caps,Goals,World Cup Appearances,Career Path,Fact,Played Alongside,Sources,Snapshot Date,Fame Tier,Playable
England,Ezri Konsa,2,Defender,Aston Villa FC,England,2024,18,1,First World Cup,Charlton Athletic -> Brentford -> Aston Villa,"Konsa came through the academy at Charlton Athletic, and later joined Brentford and Aston Villa.",Ollie Watkins,FIFA-PDF; https://en.wikipedia.org/wiki/Ezri_Konsa,2026-06-13,Global,yes
England,Nico Oreilly,3,Defender,Manchester City FC,England,[Verify],[Verify],[Verify],First World Cup,[Verify],[Verify],Erling Haaland,FIFA-PDF; [Verify],2026-06-13,Elite,no
England,Marc Guehi,6,Defender,Manchester City FC,England,2022,27,1,First World Cup,Chelsea -> Swansea City (loan) -> Crystal Palace -> Manchester City,Guéhi came through the youth system at Chelsea and made his first-team debut in 2019 before spending a season and a half on loan at Swansea City.,Erling Haaland,FIFA-PDF; https://en.wikipedia.org/wiki/Marc_Guéhi,2026-06-13,Elite,yes
England,Elliot Anderson,8,Midfielder,Nottingham Forest FC,England,2025,8,0,First World Cup,Newcastle United -> Bristol Rovers (loan) -> Nottingham Forest,[Verify],Morgan Gibbs-White,FIFA-PDF; https://en.wikipedia.org/wiki/Elliot_Anderson_(footballer),2026-06-13,National,no
England,Tino Livramento,12,Defender,Newcastle United FC,England,2024,5,0,First World Cup,Southampton -> Newcastle United,[Verify],Alexander Isak,FIFA-PDF; https://en.wikipedia.org/wiki/Tino_Livramento,2026-06-13,National,no
England,Dean Henderson,13,Goalkeeper,Crystal Palace FC,England,2020,5,0,First World Cup,Manchester United -> Stockport County (loan) -> Grimsby Town (loan) -> Shrewsbury Town (loan) -> Sheffield United (loan) -> Nottingham Forest (loan) -> Crystal Palace,Henderson joined Manchester United's youth system in 2011 from Carlisle United.,Eberechi Eze,FIFA-PDF; https://en.wikipedia.org/wiki/Dean_Henderson,2026-06-13,National,yes
England,Jordan Henderson,14,Midfielder,Brentford FC,England,2010,90,3,Played in 3 previous World Cups,Sunderland -> Coventry City (loan) -> Liverpool -> Al-Ettifaq -> Ajax -> Brentford,"He is known for his leadership, versatility, and physicality.",Bryan Mbeumo,FIFA-PDF; https://en.wikipedia.org/wiki/Jordan_Henderson,2026-06-13,Global,yes
England,Dan Burn,15,Defender,Newcastle United FC,England,2025,9,0,First World Cup,Darlington -> Fulham -> Yeovil Town (loan) -> Birmingham City (loan) -> Wigan Athletic -> Brighton & Hove Albion -> Wigan Athletic (loan) -> Newcastle United,"Burn made his debut in the Football League for Darlington in 2009 and joined Fulham at the end of the 2010–11 season, having made 19 appearances for Darlington.",Alexander Isak,FIFA-PDF; https://en.wikipedia.org/wiki/Dan_Burn,2026-06-13,National,yes
England,Kobbie Mainoo,16,Midfielder,Manchester United FC,England,2024,14,0,First World Cup,Manchester United,He is known for his dribbling and composure.,Bruno Fernandes,FIFA-PDF; https://en.wikipedia.org/wiki/Kobbie_Mainoo,2026-06-13,Global,yes
England,Morgan Rogers,17,Midfielder,Aston Villa FC,England,2024,13,1,First World Cup,West Bromwich Albion -> Manchester City -> Lincoln City (loan) -> Bournemouth (loan) -> Blackpool (loan) -> Middlesbrough -> Aston Villa,"A versatile player across attacking positions, Rogers is known for his strength, attacking runs, ability to score from a distance and ball control.",Ollie Watkins,FIFA-PDF; https://en.wikipedia.org/wiki/Morgan_Rogers,2026-06-13,Global,yes
England,Anthony Gordon,18,Forward,Newcastle United FC,England,2024,19,3,First World Cup,Everton -> Preston North End (loan) -> Newcastle United,He will join La Liga club Barcelona on 1 July 2026.,Alexander Isak,FIFA-PDF; https://en.wikipedia.org/wiki/Anthony_Gordon_(footballer),2026-06-13,Continental,yes
England,Ollie Watkins,19,Forward,Aston Villa FC,England,2021,21,7,First World Cup,Exeter City -> Weston-super-Mare (loan) -> Brentford -> Aston Villa,"Described as a complete forward, Watkins is known for his finishing ability and work ethic.",Ollie Watkins,FIFA-PDF; https://en.wikipedia.org/wiki/Ollie_Watkins,2026-06-13,Global,yes
England,Noni Madueke,20,Forward,Arsenal FC,England,2024,11,1,First World Cup,Jong PSV -> PSV Eindhoven -> Chelsea -> Arsenal,"After playing youth football with  Crystal Palace and Tottenham Hotspur, Madueke began his professional career with Dutch club PSV Eindhoven.",Bukayo Saka,FIFA-PDF; https://en.wikipedia.org/wiki/Noni_Madueke,2026-06-13,Global,yes
England,Eberechi Eze,21,Midfielder,Arsenal FC,England,2023,17,3,First World Cup,Queens Park Rangers -> Wycombe Wanderers -> Crystal Palace -> Arsenal,"A product of several English academies, Eze began his senior career with Queens Park Rangers in 2016.",Bukayo Saka,FIFA-PDF; https://en.wikipedia.org/wiki/Eberechi_Eze,2026-06-13,Global,yes
England,Ivan Toney,22,Forward,Al Ahli FC,Saudi Arabia,2023,8,1,First World Cup,Northampton Town -> Newcastle United -> Barnsley (loan) -> Shrewsbury Town (loan) -> Scunthorpe United (loan) -> Wigan Athletic (loan) -> Scunthorpe United (loan) -> Peterborough United -> Brentford -> Al-Ahli,Toney became the youngest player to represent Northampton Town when he made his first-team debut in 2012.,[Verify],FIFA-PDF; https://en.wikipedia.org/wiki/Ivan_Toney,2026-06-13,National,no
England,James Trafford,23,Goalkeeper,Manchester City FC,England,2026,2,0,First World Cup,Manchester City -> Accrington Stanley (loan) -> Bolton Wanderers (loan) -> Burnley -> Manchester City,[Verify],Erling Haaland,FIFA-PDF; https://en.wikipedia.org/wiki/James_Trafford,2026-06-13,Elite,no
England,Djed Spence,25,Defender,Tottenham Hotspur FC,England,2025,5,0,First World Cup,Middlesbrough -> Nottingham Forest (loan) -> Tottenham Hotspur -> Rennes (loan) -> Leeds United (loan) -> Genoa (loan),[Verify],Son Heung-min,FIFA-PDF; https://en.wikipedia.org/wiki/Djed_Spence,2026-06-13,Global,no
England,Jarell Quansah,26,Defender,Bayer 04 Leverkusen,Germany,2025,3,0,First World Cup,Liverpool -> Bristol Rovers (loan) -> Bayer Leverkusen,[Verify],Florian Wirtz,FIFA-PDF; https://en.wikipedia.org/wiki/Jarell_Quansah,2026-06-13,Global,no
Spain,David Raya,1,Goalkeeper,Arsenal FC,England,2022,13,0,Played in 1 previous World Cup,Blackburn Rovers -> Southport (loan) -> Brentford -> Arsenal (loan) -> Arsenal,"Known for his consistency, distribution, shot-stopping abilities, and box command, he is widely regarded as one of the best goalkeepers in the world.",Bukayo Saka,FIFA-PDF; https://en.wikipedia.org/wiki/David_Raya,2026-06-13,Global,yes
Spain,Marc Pubill,2,Defender,Atlético De Madrid,Spain,[Verify],[Verify],[Verify],First World Cup,[Verify],[Verify],Antoine Griezmann,FIFA-PDF; https://en.wikipedia.org/wiki/Marc_Pubill,2026-06-13,Global,no
Spain,Alex Grimaldo,3,Defender,Bayer 04 Leverkusen,Germany,2023,14,0,First World Cup,Barcelona B -> Benfica -> Bayer Leverkusen,[Verify],Florian Wirtz,FIFA-PDF; https://en.wikipedia.org/wiki/Álex_Grimaldo,2026-06-13,Global,no
Spain,Eric Garcia,4,Defender,FC Barcelona,Spain,2020,21,0,Played in 1 previous World Cup,Manchester City -> Barcelona -> Girona (loan),"Primarily a centre-back, he is also capable of playing as a full-back or defensive midfielder.",Pedri,"FIFA-PDF; https://en.wikipedia.org/wiki/Eric_García_(footballer,_born_2001)",2026-06-13,Global,yes
Spain,Marcos Llorente,5,Defender,Atlético De Madrid,Spain,[Verify],[Verify],[Verify],Played in 1 previous World Cup,[Verify],"Developed at Real Madrid, he appeared in 39 competitive matches over three seasons, also serving a loan at Alavés.",Antoine Griezmann,FIFA-PDF; https://en.wikipedia.org/wiki/Marcos_Llorente,2026-06-13,Global,no
Spain,Mikel Merino,6,Midfielder,Arsenal FC,England,[Verify],[Verify],[Verify],First World Cup,[Verify],"In August 2024, he joined Premier League side Arsenal.",Bukayo Saka,FIFA-PDF; https://en.wikipedia.org/wiki/Mikel_Merino,2026-06-13,Global,no
Spain,Ferran Torres,7,Forward,FC Barcelona,Spain,2020,57,24,Played in 1 previous World Cup,Valencia Mestalla -> Valencia -> Manchester City -> Barcelona,"Torres began his career at Valencia, where he made his senior debut in 2017.",Pedri,FIFA-PDF; https://en.wikipedia.org/wiki/Ferran_Torres,2026-06-13,Global,yes
Spain,Fabian Ruiz,8,Midfielder,Paris Saint-Germain,France,2019,42,6,First World Cup,Betis B -> Betis -> Elche (loan) -> Napoli -> Paris Saint-Germain,[Verify],Ousmane Dembélé,FIFA-PDF; https://en.wikipedia.org/wiki/Fabián_Ruiz,2026-06-13,Global,no
Spain,Pablo Gavi,9,Midfielder,FC Barcelona,Spain,[Verify],[Verify],[Verify],First World Cup,[Verify],[Verify],Pedri,FIFA-PDF; [Verify],2026-06-13,Global,no
Spain,Yeremy Pino,11,Forward,Crystal Palace FC,England,2021,23,4,Played in 1 previous World Cup,Villarreal C -> Villarreal -> Crystal Palace,"He later left Villarreal and signed with English club Crystal Palace in August 2025, winning the UEFA Conference League in his first season.",Eberechi Eze,FIFA-PDF; https://en.wikipedia.org/wiki/Yéremy_Pino,2026-06-13,Continental,yes
Spain,Pedro Porro,12,Defender,Tottenham Hotspur FC,England,2021,18,0,First World Cup,Peralada-Girona B -> Girona -> Manchester City -> Valladolid (loan) -> Sporting CP (loan) -> Sporting CP -> Tottenham Hotspur (loan) -> Tottenham Hotspur,"Porro started his career with Girona's reserve team Peralada, before being promoted to the first team in 2017.",Son Heung-min,FIFA-PDF; https://en.wikipedia.org/wiki/Pedro_Porro,2026-06-13,Global,yes
Spain,Joan Garcia,13,Goalkeeper,FC Barcelona,Spain,2026,2,0,First World Cup,Espanyol B -> Espanyol -> Barcelona,"An Espanyol youth graduate, Garcia broke into the first team in 2021 and eventually established himself as a first-choice in 2024.",Pedri,FIFA-PDF; https://en.wikipedia.org/wiki/Joan_Garcia,2026-06-13,Global,yes
Spain,Aymeric Laporte,14,Defender,Athletic Club,Spain,2021,46,2,Played in 1 previous World Cup,Basconia -> Athletic Bilbao B -> Athletic Bilbao -> Manchester City -> Al-Nassr -> Athletic Bilbao,"Born in France, he plays for the Spain national team.",[Verify],FIFA-PDF; https://en.wikipedia.org/wiki/Aymeric_Laporte,2026-06-13,Global,no
Spain,Alex Baena,15,Midfielder,Atlético De Madrid,Spain,2023,17,2,First World Cup,Villarreal C -> Villarreal B -> Villarreal -> Girona (loan) -> Atlético Madrid,[Verify],Antoine Griezmann,FIFA-PDF; https://en.wikipedia.org/wiki/Álex_Baena,2026-06-13,Global,no
Spain,Martin Zubimendi,18,Midfielder,Arsenal FC,England,2021,26,3,First World Cup,Real Sociedad C -> Real Sociedad B -> Real Sociedad -> Arsenal,"Zubimendi began his career at Real Sociedad, making his first-team debut in 2019.",Bukayo Saka,FIFA-PDF; https://en.wikipedia.org/wiki/Martín_Zubimendi,2026-06-13,Global,yes
Spain,Mikel Oyarzabal,21,Forward,Real Sociedad,Spain,[Verify],[Verify],[Verify],First World Cup,[Verify],"He has spent his entire professional career with Real Sociedad, making more than 400 appearances and scoring over 130 goals.",[Verify],FIFA-PDF; https://en.wikipedia.org/wiki/Mikel_Oyarzabal,2026-06-13,National,no
Spain,Pau Cubarsi,22,Defender,FC Barcelona,Spain,2024,12,0,First World Cup,Barcelona B -> Barcelona,"In July 2025, Sports Illustrated and ESPN ranked Cubarsí as the sixth-best centre-back in world football.",Pedri,FIFA-PDF; https://en.wikipedia.org/wiki/Pau_Cubarsí,2026-06-13,Global,yes
Spain,Unai Simon,23,Goalkeeper,Athletic Club,Spain,2020,58,0,Played in 1 previous World Cup,Basconia -> Athletic Bilbao B -> Athletic Bilbao,[Verify],[Verify],FIFA-PDF; https://en.wikipedia.org/wiki/Unai_Simón,2026-06-13,Global,no
Spain,Marc Cucurella,24,Defender,Chelsea FC,England,2021,24,1,First World Cup,Barcelona B -> Barcelona -> Eibar (loan) -> Eibar -> Barcelona -> Getafe (loan) -> Getafe -> Brighton & Hove Albion -> Chelsea,He is considered one of the best left-backs in the world.,Cole Palmer,FIFA-PDF; https://en.wikipedia.org/wiki/Marc_Cucurella,2026-06-13,Global,yes
Spain,Borja Iglesias,26,Forward,RC Celta Vigo,Spain,[Verify],[Verify],[Verify],First World Cup,[Verify],"Developed at Celta, where he played mainly in the reserves initially, he achieved totals of over 250 La Liga appearances and 75 goals for that club, Espanyol and Betis.",[Verify],FIFA-PDF; https://en.wikipedia.org/wiki/Borja_Iglesias,2026-06-13,National,no
Germany,Antonio Ruediger,2,Defender,Real Madrid C. F.,Spain,[Verify],[Verify],[Verify],First World Cup,[Verify],[Verify],Jude Bellingham,FIFA-PDF; [Verify],2026-06-13,Elite,no
Germany,Waldemar Anton,3,Defender,Borussia Dortmund,Germany,2024,13,0,First World Cup,Hannover 96 II -> Hannover 96 -> VfB Stuttgart -> Borussia Dortmund,[Verify],Julian Brandt,FIFA-PDF; https://en.wikipedia.org/wiki/Waldemar_Anton,2026-06-13,Global,no
Germany,Jonathan Tah,4,Defender,FC Bayern München,Germany,2016,47,1,First World Cup,Hamburger SV II -> Hamburger SV -> Fortuna Düsseldorf (loan) -> Bayer Leverkusen -> Bayern Munich,[Verify],Harry Kane,FIFA-PDF; https://en.wikipedia.org/wiki/Jonathan_Tah,2026-06-13,Global,no
Germany,Aleksandar Pavlovic,5,Midfielder,FC Bayern München,Germany,2024,11,1,First World Cup,Bayern Munich II -> Bayern Munich,"He is known for his passing accuracy, vision and composure on the ball.",Harry Kane,FIFA-PDF; https://en.wikipedia.org/wiki/Aleksandar_Pavlović_(footballer),2026-06-13,Global,yes
Germany,Kai Havertz,7,Forward,Arsenal FC,England,2018,58,22,Played in 1 previous World Cup,Bayer Leverkusen -> Chelsea -> Arsenal,"Having graduated from Bayer Leverkusen's youth academy in 2016, Havertz made his senior debut with the club in the same year.",Bukayo Saka,FIFA-PDF; https://en.wikipedia.org/wiki/Kai_Havertz,2026-06-13,Global,yes
Germany,Leon Goretzka,8,Midfielder,FC Bayern München,Germany,2014,70,15,Played in 2 previous World Cups,VfL Bochum -> Schalke 04 -> Schalke 04 II -> Bayern Munich,"Starting off his career with VfL Bochum in 2012, he went on play more than 100 Bundesliga games for Schalke 04 before signing with Bayern Munich in 2018.",Harry Kane,FIFA-PDF; https://en.wikipedia.org/wiki/Leon_Goretzka,2026-06-13,Global,yes
Germany,Jamie Leweling,9,Midfielder,VfB Stuttgart,Germany,2024,5,1,First World Cup,Greuther Fürth -> Union Berlin -> VfB Stuttgart (loan) -> VfB Stuttgart,[Verify],[Verify],FIFA-PDF; https://en.wikipedia.org/wiki/Jamie_Leweling,2026-06-13,National,no
Germany,Nick Woltemade,11,Forward,Newcastle United FC,England,2025,11,4,First World Cup,Werder Bremen -> Werder Bremen II -> SV Elversberg (loan) -> VfB Stuttgart -> Newcastle United,[Verify],Alexander Isak,FIFA-PDF; https://en.wikipedia.org/wiki/Nick_Woltemade,2026-06-13,Continental,no
Germany,Oliver Baumann,12,Goalkeeper,TSG Hoffenheim,Germany,2024,13,0,First World Cup,SC Freiburg II -> SC Freiburg -> TSG Hoffenheim,[Verify],[Verify],FIFA-PDF; https://en.wikipedia.org/wiki/Oliver_Baumann,2026-06-13,Continental,no
Germany,Pascal Gross,13,Midfielder,Brighton & Hove Albion FC,England,2023,18,1,First World Cup,TSG Hoffenheim -> TSG Hoffenheim II -> Karlsruher SC -> Karlsruher SC II -> FC Ingolstadt -> FC Ingolstadt II -> Brighton & Hove Albion -> Borussia Dortmund -> Brighton & Hove Albion,"A versatile player, Groß has played as a defensive-midfielder, right-back, attacking-midfielder, winger, or forward in his career.",Kaoru Mitoma,FIFA-PDF; https://en.wikipedia.org/wiki/Pascal_Groß,2026-06-13,Continental,yes
Germany,Maximilian Beier,14,Forward,Borussia Dortmund,Germany,2024,9,0,First World Cup,TSG Hoffenheim II -> TSG Hoffenheim -> Hannover 96 (loan) -> Borussia Dortmund,[Verify],Julian Brandt,FIFA-PDF; https://en.wikipedia.org/wiki/Maximilian_Beier,2026-06-13,Global,no
Germany,Nico Schlotterbeck,15,Defender,Borussia Dortmund,Germany,2022,27,0,Played in 1 previous World Cup,SC Freiburg II -> SC Freiburg -> Union Berlin (loan) -> Borussia Dortmund,"He is known for his aerial ability, speed, strength and aggressive tackling.",Julian Brandt,FIFA-PDF; https://en.wikipedia.org/wiki/Nico_Schlotterbeck,2026-06-13,Global,yes
Germany,Angelo Stiller,16,Midfielder,VfB Stuttgart,Germany,2024,8,0,First World Cup,Bayern Munich II -> Bayern Munich -> TSG Hoffenheim -> VfB Stuttgart,[Verify],[Verify],FIFA-PDF; https://en.wikipedia.org/wiki/Angelo_Stiller,2026-06-13,National,no
Germany,Nathaniel Brown,18,Defender,Eintracht Frankfurt,Germany,2025,5,0,First World Cup,1. FC Nürnberg II -> 1. FC Nürnberg -> Eintracht Frankfurt -> 1. FC Nürnberg (loan),[Verify],Mario Götze,FIFA-PDF; https://en.wikipedia.org/wiki/Nathaniel_Brown_(footballer),2026-06-13,National,no
Germany,Leroy Sane,19,Midfielder,Galatasaray SK,Turkey,2015,76,17,Played in 1 previous World Cup,Schalke 04 -> Manchester City -> Bayern Munich -> Galatasaray,Sané made his professional debut for Schalke 04 in 2014 and transferred to Premier League club Manchester City in 2016 for an initial £37 million fee.,Mauro Icardi,FIFA-PDF; https://en.wikipedia.org/wiki/Leroy_Sané,2026-06-13,Global,yes
Germany,Nadiem Amiri,20,Midfielder,1. FSV Mainz 05,Germany,2019,11,1,First World Cup,TSG Hoffenheim II -> TSG Hoffenheim -> Bayer Leverkusen -> Genoa (loan) -> Mainz 05,He is considered the greatest footballer of Afghan origin due to his accomplishments in Europe and for playing in the 2026 FIFA World Cup.,[Verify],FIFA-PDF; https://en.wikipedia.org/wiki/Nadiem_Amiri,2026-06-13,Continental,no
Germany,Alexander Nuebel,21,Goalkeeper,VfB Stuttgart,Germany,[Verify],[Verify],[Verify],First World Cup,[Verify],[Verify],[Verify],FIFA-PDF; [Verify],2026-06-13,National,no
Germany,David Raum,22,Defender,RB Leipzig,Germany,2021,37,1,Played in 1 previous World Cup,Greuther Fürth II -> Greuther Fürth -> TSG Hoffenheim -> RB Leipzig,[Verify],Xavi Simons,FIFA-PDF; https://en.wikipedia.org/wiki/David_Raum,2026-06-13,Continental,no
Germany,Felix Nmecha,23,Midfielder,Borussia Dortmund,Germany,2023,8,1,First World Cup,Manchester City -> VfL Wolfsburg -> Borussia Dortmund,[Verify],Julian Brandt,FIFA-PDF; https://en.wikipedia.org/wiki/Felix_Nmecha,2026-06-13,Global,no
Germany,Malick Thiaw,24,Defender,Newcastle United FC,England,2023,5,0,First World Cup,Schalke 04 -> AC Milan -> Newcastle United,"Mainly a centre-back, he can also play as a right-back or defensive midfielder.",Alexander Isak,FIFA-PDF; https://en.wikipedia.org/wiki/Malick_Thiaw,2026-06-13,National,yes
Germany,Assan Ouedraogo,25,Midfielder,RB Leipzig,Germany,2025,1,1,First World Cup,Schalke 04 -> Schalke 04 II -> RB Leipzig,[Verify],Xavi Simons,FIFA-PDF; https://en.wikipedia.org/wiki/Assan_Ouédraogo,2026-06-13,National,no
Germany,Deniz Undav,26,Forward,VfB Stuttgart,Germany,2024,9,6,First World Cup,TSV Havelse -> Eintracht Braunschweig II -> SV Meppen -> Union SG -> Brighton & Hove Albion -> VfB Stuttgart (loan) -> VfB Stuttgart,[Verify],[Verify],FIFA-PDF; https://en.wikipedia.org/wiki/Deniz_Undav,2026-06-13,National,no
Portugal,Nelson Semedo,2,Defender,Fenerbahçe SK,Turkey,2015,50,0,First World Cup,Sintrense -> Benfica B -> Fátima (loan) -> Benfica -> Barcelona -> Wolverhampton Wanderers -> Fenerbahçe,Semedo began his career at Sintrense before joining Benfica in 2012.,Fred,FIFA-PDF; https://en.wikipedia.org/wiki/Nélson_Semedo,2026-06-13,Global,yes
Portugal,José Diogo Dalot,5,Defender,Manchester United FC,England,2021,35,3,Played in 1 previous World Cup,Porto B -> Porto -> Manchester United -> AC Milan (loan),Dalot is a product of the Porto youth system and made his professional debut for the club's B team in January 2017.,Bruno Fernandes,FIFA-PDF; https://en.wikipedia.org/wiki/Diogo_Dalot,2026-06-13,Global,yes
Portugal,Matheus Nunes,6,Midfielder,Manchester City FC,England,2021,20,2,Played in 1 previous World Cup,Ericeirense -> Estoril -> Sporting CP -> Wolverhampton Wanderers -> Manchester City,"Initially only a midfielder, he switched to right-back in the 2024–25 season.",Erling Haaland,FIFA-PDF; https://en.wikipedia.org/wiki/Matheus_Nunes,2026-06-13,Elite,yes
Portugal,Goncalo Ramos,9,Forward,Paris Saint-Germain,France,2022,25,10,Played in 1 previous World Cup,Benfica B -> Benfica -> Paris Saint-Germain (loan) -> Paris Saint-Germain,"Born in Olhão, Ramos came through Benfica's youth academy.",Ousmane Dembélé,FIFA-PDF; https://en.wikipedia.org/wiki/Gonçalo_Ramos,2026-06-13,Global,yes
Portugal,Joao Felix,11,Forward,Al Nassr FC,Saudi Arabia,2019,54,12,Played in 1 previous World Cup,Benfica B -> Benfica -> Atlético Madrid -> Chelsea (loan) -> Barcelona (loan) -> Chelsea -> AC Milan (loan) -> Al-Nassr,"Félix initially trained at Porto's youth academy, before moving to rivals Benfica in 2015.",[Verify],FIFA-PDF; https://en.wikipedia.org/wiki/João_Félix,2026-06-13,Global,no
Portugal,Jose Sa,12,Goalkeeper,Wolverhampton Wanderers FC,England,2023,5,0,Played in 1 previous World Cup,Marítimo B -> Marítimo -> Porto B -> Porto -> Olympiacos (loan) -> Olympiacos -> Wolverhampton Wanderers,"He started his career with Marítimo B, making his debut with the first team in 2013, before signing for FC Porto in 2016.",Matheus Cunha,FIFA-PDF; https://en.wikipedia.org/wiki/José_Sá,2026-06-13,National,yes
Portugal,Renato Veiga,13,Defender,Villarreal CF,Spain,2024,13,1,First World Cup,Sporting CP B -> FC Augsburg (loan) -> Basel -> Chelsea -> Juventus (loan) -> Villarreal,"Mainly a centre-back, he can also play as a left-back or defensive midfielder.",[Verify],FIFA-PDF; https://en.wikipedia.org/wiki/Renato_Veiga,2026-06-13,Continental,no
Portugal,Goncalo Inacio,14,Defender,Sporting CP,Portugal,[Verify],[Verify],[Verify],First World Cup,[Verify],"Coming through Sporting CP's youth academy, he made his first-team debut in 2020.",[Verify],FIFA-PDF; https://en.wikipedia.org/wiki/Gonçalo_Inácio,2026-06-13,National,no
Portugal,Joao Neves,15,Midfielder,Paris Saint-Germain,France,2023,22,3,First World Cup,Benfica B -> Benfica -> Paris Saint-Germain,"Primarily a central midfielder, Neves is also able to play as a defensive midfielder and occasionally a right-back.",Ousmane Dembélé,FIFA-PDF; https://en.wikipedia.org/wiki/João_Neves,2026-06-13,Global,yes
Portugal,Francisco Trincao,16,Forward,Sporting CP,Portugal,[Verify],[Verify],[Verify],First World Cup,[Verify],"He started his career with Braga B, making his debut with the first team in 2018 and winning the 2019–20 Taça da Liga in his second season with the club.",[Verify],FIFA-PDF; https://en.wikipedia.org/wiki/Francisco_Trincão,2026-06-13,National,no
Portugal,Rafael Leao,17,Forward,AC Milan,Italy,2021,44,5,Played in 1 previous World Cup,Sporting CP B -> Sporting CP -> Lille -> AC Milan,He is known for his dribbling and speed.,[Verify],FIFA-PDF; https://en.wikipedia.org/wiki/Rafael_Leão,2026-06-13,Global,no
Portugal,Pedro Neto,18,Forward,Chelsea FC,England,[Verify],[Verify],[Verify],First World Cup,[Verify],"He started his career at Braga, who loaned him to Italian club Lazio in the summer of 2017.",Cole Palmer,FIFA-PDF; https://en.wikipedia.org/wiki/Pedro_Neto,2026-06-13,Global,no
Portugal,Goncalo Guedes,19,Forward,Real Sociedad,Spain,2015,34,8,Played in 1 previous World Cup,Benfica B -> Benfica -> Paris Saint-Germain -> Valencia (loan) -> Valencia -> Wolverhampton Wanderers -> Benfica (loan) -> Villarreal (loan) -> Real Sociedad,"Guedes began his career at Benfica, making his professional debut for the reserves in April 2014 and the first team six months later.",[Verify],FIFA-PDF; https://en.wikipedia.org/wiki/Gonçalo_Guedes,2026-06-13,Continental,no
Portugal,Joao Cancelo,20,Defender,FC Barcelona,Spain,2016,68,12,Played in 1 previous World Cup,Benfica B -> Benfica -> Valencia (loan) -> Valencia -> Inter Milan (loan) -> Juventus -> Manchester City -> Bayern Munich (loan) -> Barcelona (loan) -> Al Hilal -> Barcelona (loan),"After spending most of his youth career at Benfica, Cancelo began his professional senior career with them, before moving to Valencia permanently in May 2015.",Pedri,FIFA-PDF; https://en.wikipedia.org/wiki/João_Cancelo,2026-06-13,Global,yes
Portugal,Ruben Neves,21,Midfielder,Al Hilal SC,Saudi Arabia,2015,67,1,Played in 1 previous World Cup,Porto -> Wolverhampton Wanderers -> Al-Hilal,Neves started his career with Porto and made his first-team debut at the age of 17.,[Verify],FIFA-PDF; https://en.wikipedia.org/wiki/Rúben_Neves,2026-06-13,Global,no
Portugal,Vitor Vitinha,23,Midfielder,Paris Saint-Germain,France,2022,38,0,Played in 1 previous World Cup,Porto B -> Porto -> Wolverhampton Wanderers (loan) -> Paris Saint-Germain,"Considered one of the best midfielders in the world, he is known for his ball control, work rate and playmaking abilities.",Ousmane Dembélé,FIFA-PDF; https://en.wikipedia.org/wiki/Vitinha,2026-06-13,Global,yes
Portugal,Samuel Samu Costa,24,Defender,RCD Mallorca,Spain,2024,6,0,First World Cup,Braga B -> Braga -> Almería (loan) -> Almería -> Mallorca,[Verify],[Verify],FIFA-PDF; https://en.wikipedia.org/wiki/Samú_Costa,2026-06-13,National,no
Portugal,Francisco Conceicao,26,Forward,Juventus FC,Italy,2024,17,4,First World Cup,Porto B -> Porto -> Jong Ajax -> Ajax -> Porto (loan) -> Porto -> Juventus (loan) -> Juventus,"Coming through Porto's youth system, Conceição was promoted to the first-team in 2021, winning a domestic double of the Primeira Liga and Taça de Portugal in 2022.",Dušan Vlahović,FIFA-PDF; https://en.wikipedia.org/wiki/Francisco_Conceição,2026-06-13,Global,yes
France,Brice Samba,1,Goalkeeper,Stade Rennais FC,France,2023,4,0,First World Cup,Le Havre B -> Le Havre -> Marseille B -> Marseille -> Nancy B (loan) -> Nancy (loan) -> Caen B -> Caen -> Nottingham Forest -> Lens -> Rennes,"Born in the Republic of the Congo, he plays for the France national team.",[Verify],FIFA-PDF; https://en.wikipedia.org/wiki/Brice_Samba,2026-06-13,National,no
France,Malo Gusto,2,Defender,Chelsea FC,England,2023,11,0,First World Cup,Lyon II -> Lyon -> Chelsea,"Originally a product of the Lyon academy, Gusto entered the Lyon first team in 2021, where he made over 50 league appearances.",Cole Palmer,FIFA-PDF; https://en.wikipedia.org/wiki/Malo_Gusto,2026-06-13,Global,yes
France,Lucas Digne,3,Defender,Aston Villa FC,England,2014,58,0,Played in 1 previous World Cup,Lille B -> Lille -> Paris Saint-Germain -> Roma (loan) -> Barcelona -> Everton -> Aston Villa,Digne began his professional career at Lille before joining fellow French side Paris Saint-Germain in 2013.,Ollie Watkins,FIFA-PDF; https://en.wikipedia.org/wiki/Lucas_Digne,2026-06-13,Global,yes
France,Jules Kounde,5,Defender,FC Barcelona,Spain,2021,48,0,Played in 1 previous World Cup,Bordeaux II -> Bordeaux -> Sevilla -> Barcelona,"Primarily a right-back, he is also capable of playing as a centre-back.",Pedri,FIFA-PDF; https://en.wikipedia.org/wiki/Jules_Koundé,2026-06-13,Global,yes
France,Manu Kone,6,Midfielder,AS Roma,Italy,2024,14,0,First World Cup,Toulouse B -> Toulouse -> Borussia Mönchengladbach -> Roma (loan) -> Roma,[Verify],[Verify],FIFA-PDF; https://en.wikipedia.org/wiki/Manu_Koné,2026-06-13,Continental,no
France,Marcus Thuram,9,Forward,FC Internazionale Milano,Italy,2020,34,3,Played in 1 previous World Cup,Sochaux II -> Sochaux -> Guingamp -> Borussia Mönchengladbach -> Inter Milan,"Thuram began his professional career at Sochaux in 2015, where he played in three Ligue 2 seasons, before moving to Guingamp in 2017, spending two years in Ligue 1.",Lautaro Martínez,FIFA-PDF; https://en.wikipedia.org/wiki/Marcus_Thuram,2026-06-13,Global,yes
France,Michael Olise,11,Forward,FC Bayern München,Germany,2024,17,7,First World Cup,Reading -> Crystal Palace -> Bayern Munich,"Born in England, he plays for the France national team.",Harry Kane,FIFA-PDF; https://en.wikipedia.org/wiki/Michael_Olise,2026-06-13,Global,yes
France,Bradley Barcola,12,Forward,Paris Saint-Germain,France,2024,20,3,First World Cup,Lyon II -> Lyon -> Paris Saint-Germain,He is known for his speed and dribbling.,Ousmane Dembélé,FIFA-PDF; https://en.wikipedia.org/wiki/Bradley_Barcola,2026-06-13,Global,yes
France,Ngolo Kante,13,Midfielder,Fenerbahçe SK,Turkey,[Verify],[Verify],[Verify],First World Cup,[Verify],[Verify],Fred,FIFA-PDF; [Verify],2026-06-13,National,no
France,Adrien Rabiot,14,Midfielder,AC Milan,Italy,2016,59,7,Played in 1 previous World Cup,Paris Saint-Germain II -> Paris Saint-Germain -> Toulouse II (loan) -> Toulouse (loan) -> Juventus -> Marseille -> AC Milan,"In 2019, Rabiot signed for Juventus on a free transfer, winning the Serie A title during his first season with the club and the Coppa Italia in his second and fifth.",[Verify],FIFA-PDF; https://en.wikipedia.org/wiki/Adrien_Rabiot,2026-06-13,Global,no
France,Ibrahima Konate,15,Defender,Liverpool FC,England,2022,28,0,Played in 1 previous World Cup,Sochaux II -> Sochaux -> RB Leipzig -> Liverpool,"Konaté started off his professional career with Sochaux, and moved to RB Leipzig in 2017.",Mohamed Salah,FIFA-PDF; https://en.wikipedia.org/wiki/Ibrahima_Konaté,2026-06-13,Global,yes
France,William Saliba,17,Defender,Arsenal FC,England,2022,32,0,Played in 1 previous World Cup,Saint-Étienne B -> Saint-Étienne -> Arsenal -> Saint-Étienne (loan) -> Nice (loan) -> Marseille (loan),"Regarded as one of the best centre-backs in the world, he is known for his strength, pace, tackling, and composure.",Bukayo Saka,FIFA-PDF; https://en.wikipedia.org/wiki/William_Saliba,2026-06-13,Global,yes
France,Warren Zaire-Emery,18,Midfielder,Paris Saint-Germain,France,2023,11,1,First World Cup,Paris Saint-Germain,"A product of the Paris Saint-Germain Youth Academy, Zaïre-Emery made his professional debut for PSG in August 2022, becoming the club's youngest-ever player.",Ousmane Dembélé,FIFA-PDF; https://en.wikipedia.org/wiki/Warren_Zaïre-Emery,2026-06-13,Global,yes
France,Desire Doue,20,Forward,Paris Saint-Germain,France,2025,7,2,First World Cup,Rennes II -> Rennes -> Paris Saint-Germain,"Known for his pace, agility and passing, he is considered to be one of the best young players in the world.",Ousmane Dembélé,FIFA-PDF; https://en.wikipedia.org/wiki/Désiré_Doué,2026-06-13,Global,yes
France,Jean Mateta,22,Forward,Crystal Palace FC,England,[Verify],[Verify],[Verify],First World Cup,[Verify],[Verify],Eberechi Eze,FIFA-PDF; [Verify],2026-06-13,National,no
France,Robin Risser,23,Goalkeeper,RC Lens,France,2025,5,0,First World Cup,Strasbourg -> Strasbourg B -> Dijon (loan) -> Red Star (loan) -> Lens,[Verify],[Verify],FIFA-PDF; https://en.wikipedia.org/wiki/Robin_Risser,2026-06-13,National,no
France,Rayan Cherki,24,Midfielder,Manchester City FC,England,2025,7,2,First World Cup,Lyon B -> Lyon -> Manchester City,[Verify],Erling Haaland,FIFA-PDF; https://en.wikipedia.org/wiki/Rayan_Cherki,2026-06-13,Elite,no
France,Maghnes Akliouche,25,Midfielder,AS Monaco,France,2025,9,1,First World Cup,Monaco B -> Monaco,[Verify],[Verify],FIFA-PDF; https://en.wikipedia.org/wiki/Maghnes_Akliouche,2026-06-13,National,no
France,Maxence Lacroix,26,Defender,Crystal Palace FC,England,2026,4,0,First World Cup,Sochaux II -> Sochaux -> VfL Wolfsburg -> Crystal Palace,"Lacroix began his career at Sochaux, where he made his senior debut in 2018.",Eberechi Eze,FIFA-PDF; https://en.wikipedia.org/wiki/Maxence_Lacroix,2026-06-13,National,yes
Argentina,Juan Musso,1,Goalkeeper,Atlético De Madrid,Spain,2019,4,0,First World Cup,Racing Club -> Udinese -> Atalanta -> Atlético Madrid (loan) -> Atlético Madrid,[Verify],Antoine Griezmann,FIFA-PDF; https://en.wikipedia.org/wiki/Juan_Musso,2026-06-13,Global,no
Argentina,Leonardo Balerdi,2,Defender,Olympique Marseille,France,2019,11,0,First World Cup,Boca Juniors -> Borussia Dortmund II -> Borussia Dortmund -> Marseille (loan) -> Marseille,[Verify],Adrien Rabiot,FIFA-PDF; https://en.wikipedia.org/wiki/Leonardo_Balerdi,2026-06-13,Continental,no
Argentina,Nicolas Tagliafico,3,Defender,Olympique Lyonnais,France,2017,76,1,Played in 2 previous World Cups,Banfield -> Real Murcia (loan) -> Independiente -> Ajax -> Lyon,[Verify],Alexandre Lacazette,FIFA-PDF; https://en.wikipedia.org/wiki/Nicolás_Tagliafico,2026-06-13,Global,no
Argentina,Gonzalo Montiel,4,Defender,CA River Plate,Argentina,2019,39,2,Played in 1 previous World Cup,River Plate -> Sevilla -> Nottingham Forest (loan) -> River Plate,"In 2021, he signed for Sevilla for €11 million, and was loaned to English side Nottingham Forest for the 2023–24 season before returning to Seville for another year.",[Verify],FIFA-PDF; https://en.wikipedia.org/wiki/Gonzalo_Montiel,2026-06-13,Continental,no
Argentina,Leandro Paredes,5,Midfielder,CA Boca Juniors,Argentina,2017,77,5,Played in 1 previous World Cup,Boca Juniors -> Chievo (loan) -> Roma (loan) -> Roma -> Empoli (loan) -> Zenit Saint Petersburg -> Paris Saint-Germain -> Juventus (loan) -> Roma -> Boca Juniors,[Verify],[Verify],FIFA-PDF; https://en.wikipedia.org/wiki/Leandro_Paredes,2026-06-13,Global,no
Argentina,Rodrigo De Paul,7,Midfielder,Inter Miami CF,United States,2018,87,2,Played in 1 previous World Cup,Racing Club -> Valencia -> Racing Club (loan) -> Udinese -> Atlético Madrid -> Inter Miami (loan) -> Inter Miami,"He made his senior international debut in 2018 and has won the 2021 Copa América, 2022 FIFA World Cup, and 2024 Copa América.",Lionel Messi,FIFA-PDF; https://en.wikipedia.org/wiki/Rodrigo_De_Paul,2026-06-13,Global,yes
Argentina,Valentin Barco,8,Midfielder,RC Strasbourg,France,2024,4,2,First World Cup,Boca Juniors -> Brighton & Hove Albion -> Sevilla (loan) -> Strasbourg (loan) -> Strasbourg,[Verify],[Verify],FIFA-PDF; https://en.wikipedia.org/wiki/Valentín_Barco,2026-06-13,National,no
Argentina,Giovani Lo Celso,11,Midfielder,Real Betis,Spain,2017,67,4,Played in 1 previous World Cup,Rosario Central -> Paris Saint-Germain -> Rosario Central (loan) -> Betis (loan) -> Betis -> Tottenham Hotspur (loan) -> Tottenham Hotspur,[Verify],Isco,FIFA-PDF; https://en.wikipedia.org/wiki/Giovani_Lo_Celso,2026-06-13,Global,no
Argentina,Geronimo Rulli,12,Goalkeeper,Olympique Marseille,France,2018,8,0,Played in 1 previous World Cup,Estudiantes -> Deportivo Maldonado -> Real Sociedad (loan) -> Manchester City -> Real Sociedad (loan) -> Real Sociedad -> Montpellier (loan) -> Villarreal -> Ajax -> Jong Ajax -> Marseille,"Rulli joined Estudiantes's youth team in 2009, making his professional debut for them in 2013.",Adrien Rabiot,FIFA-PDF; https://en.wikipedia.org/wiki/Gerónimo_Rulli,2026-06-13,National,yes
Argentina,Cristian Romero,13,Defender,Tottenham Hotspur FC,England,2021,51,3,Played in 1 previous World Cup,Belgrano -> Genoa -> Juventus -> Genoa (loan) -> Atalanta (loan) -> Atalanta -> Tottenham Hotspur (loan) -> Tottenham Hotspur,"Coming through the youth system, Romero began his senior career in 2016 at Belgrano.",Son Heung-min,FIFA-PDF; https://en.wikipedia.org/wiki/Cristian_Romero,2026-06-13,Global,yes
Argentina,Exequiel Palacios,14,Midfielder,Bayer 04 Leverkusen,Germany,2018,40,0,Played in 1 previous World Cup,River Plate -> Bayer Leverkusen,[Verify],Florian Wirtz,FIFA-PDF; https://en.wikipedia.org/wiki/Exequiel_Palacios,2026-06-13,Global,no
Argentina,Thiago Almada,16,Forward,Atlético De Madrid,Spain,2022,16,5,Played in 1 previous World Cup,Vélez Sarsfield -> Atlanta United -> Botafogo -> Lyon (loan) -> Atlético Madrid,"Almada was a member of the Argentina team that won the 2022 FIFA World Cup, making history by becoming the first active Major League Soccer player to win the tournament.",Antoine Griezmann,FIFA-PDF; https://en.wikipedia.org/wiki/Thiago_Almada,2026-06-13,Global,yes
Argentina,Giuliano Simeone,17,Forward,Atlético De Madrid,Spain,2024,13,2,First World Cup,Atlético Madrid B -> Atlético Madrid -> Zaragoza (loan) -> Alavés (loan),[Verify],Antoine Griezmann,FIFA-PDF; https://en.wikipedia.org/wiki/Giuliano_Simeone,2026-06-13,Global,no
Argentina,Nico Paz,18,Forward,Como,Italy,2024,9,1,First World Cup,Real Madrid B -> Real Madrid -> Como,"Born in Spain, he plays for the Argentina national team.",[Verify],FIFA-PDF; https://en.wikipedia.org/wiki/Nico_Paz,2026-06-13,National,no
Argentina,Nicolas Otamendi,19,Defender,SL Benca,Portugal,2024,4,0,Played in 2 previous World Cups,Vélez Sarsfield -> Porto -> Valencia -> Atlético Mineiro (loan) -> Manchester City -> Benfica,He will formally join AFA Liga Profesional de Fútbol club River Plate in July 2026.,[Verify],FIFA-PDF; https://en.wikipedia.org/wiki/Nicolás_Otamendi,2026-06-13,National,no
Argentina,Alexis Mac Allister,20,Midfielder,Liverpool FC,England,2019,46,6,Played in 1 previous World Cup,Argentinos Juniors -> Brighton & Hove Albion -> Argentinos Juniors (loan) -> Boca Juniors (loan) -> Liverpool,"Considered as one of the best midfielders in the world, he is known for his passing, shooting ability, and versatility.",Mohamed Salah,FIFA-PDF; https://en.wikipedia.org/wiki/Alexis_Mac_Allister,2026-06-13,Global,yes
Argentina,Facundo Medina,25,Defender,Olympique Marseille,France,2020,9,0,First World Cup,Talleres -> Lens -> Marseille (loan),[Verify],Adrien Rabiot,FIFA-PDF; https://en.wikipedia.org/wiki/Facundo_Medina,2026-06-13,National,no
Argentina,Nahuel Molina,26,Defender,Atlético De Madrid,Spain,2021,58,1,Played in 1 previous World Cup,Boca Juniors -> Defensa y Justicia (loan) -> Rosario Central (loan) -> Udinese -> Atlético Madrid,[Verify],Antoine Griezmann,FIFA-PDF; https://en.wikipedia.org/wiki/Nahuel_Molina,2026-06-13,Global,no
Brazil,Alisson,1,Goalkeeper,Liverpool FC,England,2015,78,0,Played in 2 previous World Cups,Internacional -> Roma -> Liverpool,He is regarded as one of the greatest goalkeepers of all time.,Mohamed Salah,FIFA-PDF; https://en.wikipedia.org/wiki/Alisson_Becker,2026-06-13,Global,yes
Brazil,Gabriel Magalhaes,3,Defender,Arsenal FC,England,2023,17,1,First World Cup,Avaí -> Lille II -> Lille -> Troyes (loan) -> Dinamo Zagreb (loan) -> Arsenal,"Known for his strength, aggression, tackling, passion and aerial threat, he is regarded as one of the best defenders in the world.",Bukayo Saka,FIFA-PDF; https://en.wikipedia.org/wiki/Gabriel_Magalhães,2026-06-13,Global,yes
Brazil,Casemiro,5,Midfielder,Manchester United FC,England,2011,86,9,Played in 2 previous World Cups,São Paulo -> Real Madrid Castilla (loan) -> Real Madrid (loan) -> Real Madrid -> Porto (loan) -> Manchester United,Casemiro began his career with São Paulo and progressed through the ranks.,Bruno Fernandes,FIFA-PDF; https://en.wikipedia.org/wiki/Casemiro,2026-06-13,Global,yes
Brazil,Alex Sandro,6,Defender,CR Flamengo,Brazil,2011,45,2,Played in 1 previous World Cup,Atlético Paranaense -> Deportivo Maldonado -> Santos (loan) -> Porto -> Juventus -> Flamengo,"At club level, Alex Sandro began his career with Atletico Paranaense and later also played for Santos on loan.",[Verify],FIFA-PDF; https://en.wikipedia.org/wiki/Alex_Sandro,2026-06-13,Global,no
Brazil,Matheus Cunha,9,Forward,Manchester United FC,England,2021,23,1,First World Cup,Sion -> RB Leipzig -> Hertha BSC -> Atlético Madrid -> Wolverhampton Wanderers (loan) -> Wolverhampton Wanderers -> Manchester United,Cunha played youth football in Brazil for Coritiba.,Bruno Fernandes,FIFA-PDF; https://en.wikipedia.org/wiki/Matheus_Cunha,2026-06-13,Global,yes
Brazil,Raphinha,11,Forward,FC Barcelona,Spain,2021,39,11,Played in 1 previous World Cup,Vitória de Guimarães B -> Vitória de Guimarães -> Sporting CP -> Rennes -> Leeds United -> Barcelona,"Known for his pace, playmaking, work rate, and finishing, he is considered one of the best players in the world.",Pedri,FIFA-PDF; https://en.wikipedia.org/wiki/Raphinha,2026-06-13,Global,yes
Brazil,Weverton,12,Goalkeeper,Grêmio FBPA,Brazil,2017,11,0,Played in 1 previous World Cup,Corinthians -> Remo (loan) -> Oeste (loan) -> América de Natal (loan) -> Botafogo-SP -> Portuguesa -> Atlético Paranaense -> Palmeiras -> Grêmio,[Verify],[Verify],"FIFA-PDF; https://en.wikipedia.org/wiki/Weverton_(footballer,_born_1987)",2026-06-13,Continental,no
Brazil,Danilo,13,Defender,CR Flamengo,Brazil,2011,70,1,Played in 2 previous World Cups,América Mineiro -> Santos -> Porto -> Real Madrid -> Manchester City -> Juventus -> Flamengo,"Danilo began his career with América Mineiro before moving to Santos, where he scored the goal that won the 2011 Copa Libertadores.",[Verify],"FIFA-PDF; https://en.wikipedia.org/wiki/Danilo_(footballer,_born_July_1991)",2026-06-13,Global,no
Brazil,Bremer,14,Defender,Juventus FC,Italy,2022,8,1,Played in 1 previous World Cup,Atlético Mineiro -> Torino -> Juventus,[Verify],Dušan Vlahović,FIFA-PDF; https://en.wikipedia.org/wiki/Gleison_Bremer,2026-06-13,Global,no
Brazil,Leo Pereira,15,Defender,CR Flamengo,Brazil,2026,4,0,First World Cup,Atlético Paranaense -> Guaratinguetá (loan) -> Náutico (loan) -> Orlando City B (loan) -> Orlando City (loan) -> Flamengo,[Verify],[Verify],"FIFA-PDF; https://en.wikipedia.org/wiki/Léo_Pereira_(footballer,_born_1996)",2026-06-13,National,no
Brazil,Fabinho,17,Midfielder,Al Ittihad,Saudi Arabia,2015,33,0,Played in 1 previous World Cup,Fluminense -> Rio Ave -> Real Madrid Castilla (loan) -> Real Madrid (loan) -> Monaco (loan) -> Monaco -> Liverpool -> Al-Ittihad,"A versatile player, he can also be deployed as a centre-back.",[Verify],"FIFA-PDF; https://en.wikipedia.org/wiki/Fabinho_(footballer,_born_1993)",2026-06-13,Continental,no
Brazil,Lucas Paqueta,20,Midfielder,CR Flamengo,Brazil,2018,63,13,Played in 1 previous World Cup,Flamengo -> AC Milan -> Lyon -> West Ham United -> Flamengo,"Paquetá began his career in 2007 with Flamengo, where he won the 2016 Copa São Paulo de Júniores title.",[Verify],FIFA-PDF; https://en.wikipedia.org/wiki/Lucas_Paquetá,2026-06-13,Global,no
Brazil,Luiz Henrique,21,Forward,FC Zenit St. Petersburg,Russia,[Verify],[Verify],[Verify],First World Cup,Fluminense -> Botafogo,"Luiz Henrique Ferreira de Menezes (born 5 September 1943), known as just Luiz Henrique, is a Brazilian former footballer.",[Verify],"FIFA-PDF; https://en.wikipedia.org/wiki/Luiz_Henrique_(footballer,_born_1943)",2026-06-13,National,no
Brazil,Gabriel Martinelli,22,Forward,Arsenal FC,England,2022,23,4,Played in 1 previous World Cup,Ituano -> Arsenal,"He represented Brazil at the 2020 Summer Olympics, winning an Olympic Gold in men's football.",Bukayo Saka,FIFA-PDF; https://en.wikipedia.org/wiki/Gabriel_Martinelli,2026-06-13,Global,yes
Brazil,Ederson,23,Goalkeeper,Fenerbahçe SK,Turkey,[Verify],[Verify],[Verify],First World Cup,[Verify],Ederson is a given name.,Fred,FIFA-PDF; https://en.wikipedia.org/wiki/Ederson,2026-06-13,National,no
Brazil,Roger Ibanez,24,Defender,Al Ahli FC,Saudi Arabia,2022,7,0,First World Cup,ill -> Sergipe (loan) -> Fluminense (loan) -> Fluminense -> Atalanta -> Roma (loan) -> Roma -> Al-Ahli,"Mainly a centre-back, he can also play as a defensive midfielder.",[Verify],FIFA-PDF; https://en.wikipedia.org/wiki/Roger_Ibañez,2026-06-13,National,no
Brazil,Igor Thiago,25,Forward,Brentford FC,England,2026,4,2,First World Cup,Cruzeiro -> Ludogorets Razgrad II -> Ludogorets Razgrad -> Club Brugge -> Brentford,[Verify],Bryan Mbeumo,FIFA-PDF; https://en.wikipedia.org/wiki/Igor_Thiago,2026-06-13,National,no
Scotland,Angus Gunn,1,Goalkeeper,Nottingham Forest FC,England,2023,22,0,First World Cup,Manchester City -> Norwich City (loan) -> Southampton -> Stoke City (loan) -> Norwich City -> Nottingham Forest,"Gunn began his career at his hometown club Norwich City, before joining Manchester City in 2011, signing his first professional contract in 2013.",Morgan Gibbs-White,FIFA-PDF; https://en.wikipedia.org/wiki/Angus_Gunn,2026-06-13,Continental,yes
Scotland,Aaron Hickey,2,Defender,Brentford FC,England,2022,21,0,First World Cup,Heart of Midlothian -> Bologna -> Brentford,"Hickey played youth football for Heart of Midlothian and Celtic, before returning to Hearts where he made his senior debut in 2019.",Bryan Mbeumo,FIFA-PDF; https://en.wikipedia.org/wiki/Aaron_Hickey,2026-06-13,Continental,yes
Scotland,Grant Hanley,5,Defender,Hibernian FC,Scotland,2011,68,2,First World Cup,Blackburn Rovers -> Newcastle United -> Norwich City -> Birmingham City -> Hibernian,"Across his club career, Hanley has previously played for Blackburn Rovers, Newcastle United, Norwich City, and Birmingham City.",[Verify],FIFA-PDF; https://en.wikipedia.org/wiki/Grant_Hanley,2026-06-13,Global,no
Scotland,Kieran Tierney,6,Defender,Celtic FC,Scotland,2016,56,2,First World Cup,Celtic -> Arsenal -> Real Sociedad (loan) -> Celtic,Tierney came through the Celtic youth system and made his first-team debut in April 2015.,Callum McGregor,FIFA-PDF; https://en.wikipedia.org/wiki/Kieran_Tierney,2026-06-13,Global,yes
Scotland,Tyler Fletcher,8,Midfielder,Manchester United FC,England,2026,2,0,First World Cup,Manchester United,"He joined Manchester United's youth system in 2023, from Manchester City.",Bruno Fernandes,FIFA-PDF; https://en.wikipedia.org/wiki/Tyler_Fletcher,2026-06-13,Global,yes
Scotland,Lyndon Dykes,9,Forward,Charlton Athletic FC,England,2020,51,10,First World Cup,Mudgeeraba -> Merrimac -> Queen of the South -> Redlands United -> Gold Coast City -> Surfers Paradise Apollo -> Queen of the South -> Livingston -> Queens Park Rangers -> Birmingham City -> Charlton Athletic,"Born and raised in Australia to Scottish parents, he plays for the Scotland national team.",[Verify],FIFA-PDF; https://en.wikipedia.org/wiki/Lyndon_Dykes,2026-06-13,Global,no
Scotland,Ryan Christie,11,Midfielder,AFC Bournemouth,England,2017,68,10,First World Cup,Inverness Caledonian Thistle -> Celtic -> Inverness Caledonian Thistle (loan) -> Aberdeen (loan) -> Bournemouth,"Christie began his career with Inverness Caledonian Thistle before joining Celtic in 2015, and had two spells on loan at Aberdeen.",[Verify],FIFA-PDF; https://en.wikipedia.org/wiki/Ryan_Christie,2026-06-13,Global,no
Scotland,Liam Kelly,12,Goalkeeper,Rangers FC,Scotland,2012,1,0,First World Cup,Kilmarnock -> Bristol City -> Oldham Athletic -> Leyton Orient -> Coventry City -> Rotherham United,"As a youth player Kelly played for Milton Keynes Dons, but did not make a professional appearance before leaving in 2008.",James Tavernier,"FIFA-PDF; https://en.wikipedia.org/wiki/Liam_Kelly_(footballer,_born_1990)",2026-06-13,National,yes
Scotland,Jack Hendry,13,Defender,Al Ettifaq FC,Saudi Arabia,2018,38,3,First World Cup,Partick Thistle -> Wigan Athletic -> Shrewsbury Town (loan) -> Milton Keynes Dons (loan) -> Dundee -> Celtic -> Melbourne City (loan) -> KV Oostende (loan) -> KV Oostende -> Club Brugge -> Cremonese (loan) -> Al-Ettifaq,"He has previously played for Partick Thistle, Wigan Athletic, Dundee, Celtic and KV Oostende.",[Verify],"FIFA-PDF; https://en.wikipedia.org/wiki/Jack_Hendry_(footballer,_born_1995)",2026-06-13,Continental,no
Scotland,Ross Stewart,14,Forward,Southampton FC,England,2022,3,0,First World Cup,Ardeer Thistle -> Kilwinning Rangers -> Albion Rovers -> St Mirren -> Alloa Athletic (loan) -> Ross County -> Sunderland -> Southampton,He will become a free agent on 30 June 2026.,[Verify],"FIFA-PDF; https://en.wikipedia.org/wiki/Ross_Stewart_(footballer,_born_1996)",2026-06-13,National,no
Scotland,Dominic Hyam,16,Defender,Wrexham AFC,Wales,2023,4,0,First World Cup,Reading -> Hemel Hempstead Town (loan) -> Basingstoke Town (loan) -> Dagenham & Redbridge (loan) -> Portsmouth (loan) -> Aldershot Town (loan) -> Coventry City -> Blackburn Rovers -> Wrexham,"He is known as a reliable, robust and consistent centre-back.",[Verify],FIFA-PDF; https://en.wikipedia.org/wiki/Dominic_Hyam,2026-06-13,National,no
Scotland,George Hirst,18,Forward,Ipswich Town FC,England,2025,10,1,First World Cup,Sheffield Wednesday -> OH Leuven -> Leicester City -> Rotherham United (loan) -> Portsmouth (loan) -> Blackburn Rovers (loan) -> Ipswich Town (loan) -> Ipswich Town,"Born in England, he plays for the Scotland national team.",[Verify],FIFA-PDF; https://en.wikipedia.org/wiki/George_Hirst_(footballer),2026-06-13,Continental,no
Scotland,Lewis Ferguson,19,Midfielder,Bologna FC,Italy,2021,24,1,First World Cup,Hamilton Academical -> Aberdeen -> Bologna,"After playing youth football for Rangers and Hamilton Academical, Ferguson made his senior debut for the latter club in the 2017–18 season.",[Verify],FIFA-PDF; https://en.wikipedia.org/wiki/Lewis_Ferguson,2026-06-13,Continental,no
Scotland,Lawrence Shankland,20,Forward,Heart Of Midlothian FC,Scotland,2019,20,7,First World Cup,Queen's Park -> Aberdeen -> Dunfermline Athletic (loan) -> St Mirren (loan) -> Greenock Morton (loan) -> Ayr United -> Dundee United -> Beerschot -> Heart of Midlothian,He is set to join fellow Scottish Premiership side Rangers on 15 June 2026.,[Verify],FIFA-PDF; https://en.wikipedia.org/wiki/Lawrence_Shankland,2026-06-13,Continental,no
Scotland,Craig Gordon,21,Goalkeeper,Heart Of Midlothian FC,Scotland,2004,84,0,First World Cup,Heart of Midlothian -> Cowdenbeath (loan) -> Sunderland -> Celtic -> Heart of Midlothian,Gordon started his career with Currie Boys before joining Heart of Midlothian.,[Verify],FIFA-PDF; https://en.wikipedia.org/wiki/Craig_Gordon,2026-06-13,Global,no
Scotland,Nathan Patterson,22,Defender,Everton FC,England,2021,26,1,First World Cup,Rangers -> Everton,[Verify],Jordan Pickford,FIFA-PDF; https://en.wikipedia.org/wiki/Nathan_Patterson_(footballer),2026-06-13,Continental,no
Scotland,Kenny McLean,23,Midfielder,Norwich City FC,England,2016,58,3,First World Cup,St Mirren -> Arbroath (loan) -> Aberdeen -> Norwich City -> Aberdeen (loan),"After being released by  Rangers' youth team, McLean started his senior career at SPL club St Mirren.",[Verify],FIFA-PDF; https://en.wikipedia.org/wiki/Kenny_McLean,2026-06-13,Global,no
Scotland,Anthony Ralston,24,Defender,Celtic FC,Scotland,2021,27,1,First World Cup,Celtic -> Queen's Park (loan) -> Dundee United (loan) -> St Johnstone (loan),[Verify],Callum McGregor,FIFA-PDF; https://en.wikipedia.org/wiki/Anthony_Ralston,2026-06-13,Continental,no
Scotland,Findlay Curtis,25,Forward,Kilmarnock FC,Scotland,2026,3,1,First World Cup,Rangers -> Kilmarnock (loan),[Verify],[Verify],FIFA-PDF; https://en.wikipedia.org/wiki/Findlay_Curtis,2026-06-13,National,no
Scotland,Scott McKenna,26,Defender,GNK Dinamo Zagreb,Croatia,2018,50,1,First World Cup,Aberdeen -> Ayr United (loan) -> Alloa Athletic (loan) -> Ayr United (loan) -> Nottingham Forest -> Copenhagen (loan) -> Las Palmas -> Dinamo Zagreb,[Verify],[Verify],FIFA-PDF; https://en.wikipedia.org/wiki/Scott_McKenna,2026-06-13,Global,no
Canada,Dayne St. Clair,1,Goalkeeper,Inter Miami CF,United States,2021,20,0,Played in 1 previous World Cup,Vaughan Azzurri -> K-W United -> New York Red Bulls U23 -> Minnesota United -> Forward Madison (loan) -> San Antonio FC (loan) -> Inter Miami,"Prior to playing for Inter Miami, St.",Lionel Messi,FIFA-PDF; https://en.wikipedia.org/wiki/Dayne_St._Clair,2026-06-13,Global,yes
Canada,Alistair Johnston,2,Defender,Celtic FC,Scotland,2021,58,1,Played in 1 previous World Cup,Vaughan Azzurri -> Nashville SC -> CF Montréal -> Celtic,Johnston began his senior career with Vaughan Azzurri.,Callum McGregor,FIFA-PDF; https://en.wikipedia.org/wiki/Alistair_Johnston,2026-06-13,Global,yes
Canada,Ale Jones,3,Defender,Middlesbrough FC,England,[Verify],[Verify],[Verify],First World Cup,[Verify],[Verify],[Verify],FIFA-PDF; [Verify],2026-06-13,National,no
Canada,Luc De Fougerolles,4,Defender,FCV Dender EH,Belgium,2024,13,0,First World Cup,Fulham -> Dender EH (loan),"Born in England, he represents the Canada national team.",[Verify],FIFA-PDF; https://en.wikipedia.org/wiki/Luc_de_Fougerolles,2026-06-13,Continental,no
Canada,Joel Waterman,5,Defender,Chicago Fire FC,United States,2022,17,0,Played in 1 previous World Cup,Kitsap Pumas -> TSS FC Rovers -> Calgary Foothills -> Cavalry FC -> CF Montréalefn -> Chicago Fire,[Verify],[Verify],FIFA-PDF; https://en.wikipedia.org/wiki/Joel_Waterman,2026-06-13,Continental,no
Canada,Mathieu Choiniere,6,Midfielder,LAFC,United States,2026,1,0,First World Cup,CF Montréalefn -> Grasshopper -> Los Angeles FC (loan) -> Los Angeles FC,[Verify],Olivier Giroud,FIFA-PDF; https://en.wikipedia.org/wiki/Mathieu_Choinière,2026-06-13,National,no
Canada,Ismael Kone,8,Midfielder,US Sassuolo,Italy,2022,40,4,Played in 1 previous World Cup,CF Montréal -> Watford -> Marseille -> Rennes (loan) -> Sassuolo (loan) -> Sassuolo,"Born in Ivory Coast, he plays for the Canada national team.",[Verify],FIFA-PDF; https://en.wikipedia.org/wiki/Ismaël_Koné,2026-06-13,Global,no
Canada,Liam Millar,11,Midfielder,Hull City FC,England,2018,41,1,Played in 1 previous World Cup,Liverpool -> Kilmarnock (loan) -> Charlton Athletic (loan) -> Basel -> Preston North End (loan) -> Hull City,Millar featured in the youth ranks of Brampton Youth SC and North Mississauga SC before moving to England to join Fulham Academy aged 13.,[Verify],FIFA-PDF; https://en.wikipedia.org/wiki/Liam_Millar,2026-06-13,Global,no
Canada,Tani Oluwaseyi,12,Forward,Villarreal CF,Spain,2024,24,2,First World Cup,Manhattan SC -> NY Pancyprian-Freedoms -> Minnesota United -> Minnesota United 2 (loan) -> San Antonio FC (loan) -> Villarreal,"Born in Nigeria, he represents the Canada national team.",[Verify],FIFA-PDF; https://en.wikipedia.org/wiki/Tani_Oluwaseyi,2026-06-13,Continental,no
Canada,Derek Cornelius,13,Defender,Rangers FC,Scotland,2018,44,1,Played in 1 previous World Cup,VfB Lübeck -> VfR Neumünster -> Javor Ivanjica -> Vancouver Whitecaps FC -> Panetolikos (loan) -> Malmö -> Marseille -> Rangers (loan),[Verify],James Tavernier,FIFA-PDF; https://en.wikipedia.org/wiki/Derek_Cornelius,2026-06-13,Global,no
Canada,Jacob Shaffelburg,14,Midfielder,LAFC,United States,2020,31,6,First World Cup,Toronto FC III -> Black Rock FC -> Toronto FC II -> Toronto FC -> Toronto FC II (loan) -> Nashville SC (loan) -> Nashville SC -> Los Angeles FC,[Verify],Olivier Giroud,FIFA-PDF; https://en.wikipedia.org/wiki/Jacob_Shaffelburg,2026-06-13,Continental,no
Canada,Moise Bombito,15,Defender,OGC Nice,France,2023,20,0,First World Cup,CS St-Hubert -> Seacoast United Phantoms -> Colorado Rapids -> Colorado Rapids 2 (loan) -> Nice,[Verify],[Verify],FIFA-PDF; https://en.wikipedia.org/wiki/Moïse_Bombito,2026-06-13,Continental,no
Canada,Maxime Crepeau,16,Goalkeeper,Orlando City SC,United States,2016,32,0,First World Cup,Montreal Impact -> FC Montreal (loan) -> Ottawa Fury (loan) -> Vancouver Whitecaps -> Los Angeles FC -> Los Angeles FC 2 (loan) -> Portland Timbers -> Orlando City,"Crépeau is a product of the Montreal Impact Academy, and signed with the Montreal Impact first team in 2013.",[Verify],FIFA-PDF; https://en.wikipedia.org/wiki/Maxime_Crépeau,2026-06-13,Continental,no
Canada,Owen Goodman,18,Goalkeeper,Barnsley,England,2022,1,0,First World Cup,Crystal Palace -> Colchester United (loan) -> AFC Wimbledon (loan) -> Huddersfield Town (loan) -> Barnsley (loan),"Born in England, he represents the Canada national team.",[Verify],FIFA-PDF; https://en.wikipedia.org/wiki/Owen_Goodman,2026-06-13,National,no
Canada,Ali Ahmed,20,Forward,Norwich City FC,England,2023,24,1,First World Cup,Whitecaps FC 2 -> Vancouver Whitecaps FC (loan) -> Vancouver Whitecaps FC -> Norwich City,[Verify],[Verify],FIFA-PDF; https://en.wikipedia.org/wiki/Ali_Ahmed_(soccer),2026-06-13,Continental,no
Canada,Jonathan Osorio,21,Midfielder,Toronto FC,Canada,2026,1,0,Played in 1 previous World Cup,SC Toronto -> Toronto FC,Osorio holds the Toronto FC club record for most appearances.,[Verify],FIFA-PDF; https://en.wikipedia.org/wiki/Jonathan_Osorio,2026-06-13,National,no
Canada,Richie Laryea,22,Defender,Toronto FC,Canada,2026,1,0,Played in 1 previous World Cup,Sigma FC -> Orlando City -> Orlando City B (loan) -> Toronto FC -> Nottingham Forest -> Toronto FC (loan) -> Vancouver Whitecaps FC (loan) -> Toronto FC,[Verify],[Verify],FIFA-PDF; https://en.wikipedia.org/wiki/Richie_Laryea,2026-06-13,National,no
Canada,Niko Sigur,23,Defender,HNK Hajduk Split,Croatia,2024,19,2,First World Cup,Hajduk Split,[Verify],[Verify],FIFA-PDF; https://en.wikipedia.org/wiki/Niko_Sigur,2026-06-13,Continental,no
Canada,Nathan Saliba,25,Midfielder,RSC Anderlecht,Belgium,2024,15,2,First World Cup,CF Montréalefn -> CF Montréal U23 (loan) -> Anderlecht,"Nathan-Dylan Saliba (born February 7, 2004) is a Canadian professional soccer player who plays for Belgian Pro League club Anderlecht and the Canada national team.",[Verify],FIFA-PDF; https://en.wikipedia.org/wiki/Nathan_Saliba,2026-06-13,Continental,no
Canada,Marcelo Flores,26,Midfielder,Tigres UANL,Mexico,2026,2,0,First World Cup,Arsenal -> Real Oviedo (loan) -> Tigres UANL,[Verify],[Verify],FIFA-PDF; https://en.wikipedia.org/wiki/Marcelo_Flores,2026-06-13,National,no
United States,Matt Turner,1,Goalkeeper,New England Revolution,United States,2021,54,0,Played in 1 previous World Cup,Jersey Express -> New England Revolution -> Richmond Kickers (loan) -> Arsenal -> Nottingham Forest -> Crystal Palace (loan) -> Lyon -> New England Revolution (loan),"After two seasons he became the club's primary goalkeeper, later winning the MLS Goalkeeper of the Year award in 2021.",[Verify],FIFA-PDF; https://en.wikipedia.org/wiki/Matt_Turner_(soccer),2026-06-13,Global,no
United States,Sergino Dest,2,Defender,PSV Eindhoven,Netherlands,2019,39,3,Played in 1 previous World Cup,Jong Ajax -> Ajax -> Barcelona -> AC Milan (loan) -> PSV (loan) -> PSV,"Born in the Netherlands, he represents the United States national team.",Noa Lang,FIFA-PDF; https://en.wikipedia.org/wiki/Sergiño_Dest,2026-06-13,Continental,yes
United States,Chris Richards,3,Defender,Crystal Palace FC,England,2020,36,3,First World Cup,Bayern Munich II -> Bayern Munich -> TSG Hoffenheim (loan) -> Crystal Palace,[Verify],Eberechi Eze,FIFA-PDF; https://en.wikipedia.org/wiki/Chris_Richards_(soccer),2026-06-13,Continental,no
United States,Auston Trusty,6,Defender,Celtic FC,Scotland,2023,8,0,First World Cup,Bethlehem Steel -> Philadelphia Union -> Colorado Rapids -> Arsenal -> Colorado Rapids (loan) -> Birmingham City (loan) -> Sheffield United -> Celtic,"In August 2023, Trusty signed for Sheffield United, for which he made his Premier League debut.",Callum McGregor,FIFA-PDF; https://en.wikipedia.org/wiki/Auston_Trusty,2026-06-13,National,yes
United States,Ricardo Pepi,9,Forward,PSV Eindhoven,Netherlands,2021,37,13,First World Cup,FC Dallas -> North Texas SC (Tooltip -> FC Augsburg -> FC Groningen (loan) -> Jong PSV -> PSV,Pepi had his breakthrough with Major League Soccer club FC Dallas and was named the MLS Young Player of the Year in 2021.,Noa Lang,FIFA-PDF; https://en.wikipedia.org/wiki/Ricardo_Pepi,2026-06-13,Continental,yes
United States,Brenden Aaronson,11,Forward,Leeds United FC,England,2020,58,9,Played in 1 previous World Cup,Bethlehem Steel -> Philadelphia Union -> Red Bull Salzburg -> Leeds United -> Union Berlin (loan),[Verify],[Verify],FIFA-PDF; https://en.wikipedia.org/wiki/Brenden_Aaronson,2026-06-13,Global,no
United States,Tim Ream,13,Defender,Charlotte FC,United States,2010,82,1,Played in 1 previous World Cup,Chicago Fire Premier -> New York Red Bulls -> Bolton Wanderers -> Fulham -> Charlotte FC,[Verify],[Verify],FIFA-PDF; https://en.wikipedia.org/wiki/Tim_Ream,2026-06-13,Global,no
United States,Sebastian Berhalter,14,Midfielder,Vancouver Whitecaps FC,Canada,2025,13,1,First World Cup,Columbus Crew -> Austin FC (loan) -> Vancouver Whitecaps FC -> Whitecaps FC 2 (loan),[Verify],[Verify],FIFA-PDF; https://en.wikipedia.org/wiki/Sebastian_Berhalter,2026-06-13,Continental,no
United States,Cristian Roldan,15,Midfielder,Seattle Sounders FC,United States,2017,47,0,Played in 1 previous World Cup,Washington Crossfire -> Seattle Sounders FC 2 -> Seattle Sounders FC,"He was picked by the Sounders in the 2015 MLS SuperDraft and developed into a regular starting player for the club, with over 300 total appearances as of 2024.",[Verify],FIFA-PDF; https://en.wikipedia.org/wiki/Cristian_Roldan,2026-06-13,Global,no
United States,Alex Freeman,16,Defender,Villarreal CF,Spain,2025,17,2,First World Cup,Orlando City -> Orlando City B (loan) -> Villarreal,"In 2024, during his last season with Orlando City B, Freeman contributed the most assists and total goal contributions in the team.",[Verify],FIFA-PDF; https://en.wikipedia.org/wiki/Alex_Freeman,2026-06-13,Continental,no
United States,Malik Tillman,17,Midfielder,Bayer 04 Leverkusen,Germany,2022,30,3,First World Cup,Bayern Munich II -> Bayern Munich -> Rangers (loan) -> Jong PSV (loan) -> PSV (loan) -> PSV -> Bayer Leverkusen,"Born in Germany, he represents the United States national team.",Florian Wirtz,FIFA-PDF; https://en.wikipedia.org/wiki/Malik_Tillman,2026-06-13,Global,yes
United States,Max Arfsten,18,Defender,Columbus Crew,United States,2025,20,1,First World Cup,San Jose Earthquakes II -> Columbus Crew -> Columbus Crew 2,[Verify],[Verify],FIFA-PDF; https://en.wikipedia.org/wiki/Max_Arfsten,2026-06-13,Continental,no
United States,Haji Wright,19,Forward,Coventry City FC,England,2022,20,7,Played in 1 previous World Cup,New York Cosmos -> Schalke 04 II -> Schalke 04 -> SV Sandhausen (loan) -> VVV-Venlo -> Sønderjyske -> Antalyaspor (loan) -> Antalyaspor -> Coventry City,Wright made his senior debut for the United States national team in 2022 and played at the 2022 FIFA World Cup.,[Verify],FIFA-PDF; https://en.wikipedia.org/wiki/Haji_Wright,2026-06-13,Continental,no
United States,Timothy Weah,21,Forward,Olympique Marseille,France,2018,51,7,Played in 1 previous World Cup,Paris Saint-Germain B -> Paris Saint-Germain -> Celtic (loan) -> Lille -> Juventus -> Marseille (loan),"Weah made his professional debut for Ligue 1 club Paris Saint-Germain in 2018, winning Ligue 1 twice and the Trophée des Champions once.",Adrien Rabiot,FIFA-PDF; https://en.wikipedia.org/wiki/Timothy_Weah,2026-06-13,Global,yes
United States,Mark McKenzie,22,Defender,Toulouse FC,France,2020,29,0,First World Cup,Bethlehem Steel -> Philadelphia Union -> Genk -> Toulouse,[Verify],[Verify],"FIFA-PDF; https://en.wikipedia.org/wiki/Mark_McKenzie_(soccer,_born_1999)",2026-06-13,Continental,no
United States,Joe Scally,23,Defender,Borussia Mönchengladbach,Germany,2022,26,0,Played in 1 previous World Cup,New York City FC -> Borussia Mönchengladbach II -> Borussia Mönchengladbach,[Verify],[Verify],FIFA-PDF; https://en.wikipedia.org/wiki/Joe_Scally,2026-06-13,Continental,no
United States,Matt Freese,24,Goalkeeper,New York City FC,United States,2025,15,0,First World Cup,Bethlehem Steel -> Philadelphia Union -> Philadelphia Union II -> New York City FC,[Verify],[Verify],FIFA-PDF; https://en.wikipedia.org/wiki/Matt_Freese,2026-06-13,Continental,no
United States,Chris Brady,25,Goalkeeper,Chicago Fire FC,United States,2026,1,0,First World Cup,Chicago Fire -> Forward Madison (loan) -> Chicago Fire II (loan),[Verify],[Verify],FIFA-PDF; https://en.wikipedia.org/wiki/Chris_Brady_(soccer),2026-06-13,National,no
United States,Alex Zendejas,26,Forward,Club América,Mexico,[Verify],[Verify],[Verify],First World Cup,[Verify],[Verify],[Verify],FIFA-PDF; [Verify],2026-06-13,National,no
